clonotype_id,frequency,proportion,cdr3s_aa,cdr3s_nt
clonotype1,82,0.2939068100358423,IGH:CAREGKAAAVNPFDYW;IGK:CQQYGNSPQTF,IGH:TGTGCGAGGGAGGGGAAAGCAGCAGCTGTCAACCCTTTTGACTACTGG;IGK:TGTCAGCAGTATGGTAACTCACCTCAGACTTTT
clonotype2,2,0.007168458781362007,IGH:CASGALAGPVDYW;IGK:CQDFGSSPRTF,IGH:TGTGCGAGTGGGGCTTTGGCGGGACCAGTTGACTACTGG;IGK:TGTCAGGACTTTGGTAGCTCACCGAGGACGTTC
clonotype3,1,0.0035842293906810036,IGL:CQAWDSDTVVF,IGL:TGTCAGGCGTGGGACAGTGACACTGTGGTGTTC
clonotype4,1,0.0035842293906810036,IGK:CQQRSNWWTF,IGK:TGTCAGCAGCGTAGCAACTGGTGGACGTTC
clonotype5,1,0.0035842293906810036,IGL:CQSADSNRTWVF,IGL:TGTCAATCAGCAGACAGCAATCGTACTTGGGTGTTC
clonotype6,1,0.0035842293906810036,IGK:CQQYNSWPRTF,IGK:TGTCAGCAGTATAATAGTTGGCCTCGGACGTTC
clonotype7,1,0.0035842293906810036,IGK:CQQRSNWPRTF,IGK:TGTCAGCAGCGTAGCAACTGGCCTCGAACGTTC
clonotype8,1,0.0035842293906810036,IGL:CQVWDSSSDHPVF,IGL:TGTCAGGTGTGGGATAGTAGTAGTGATCATCCGGTGTTC
clonotype9,1,0.0035842293906810036,IGL:CQVWDSSSDHEVF,IGL:TGTCAGGTGTGGGATAGTAGTAGTGATCATGAGGTCTTC
clonotype10,1,0.0035842293906810036,IGK:CQQYGSSPRTF,IGK:TGTCAGCAGTATGGTAGCTCACCTCGAACGTTC
clonotype11,1,0.0035842293906810036,IGK:CQQYGSSPQTF,IGK:TGTCAGCAGTATGGTAGCTCACCTCAGACTTTT
clonotype12,1,0.0035842293906810036,IGK:CQQYGNSPQTF,IGK:TGTCAACAGTATGGCAACTCACCCCAGACTTTT
clonotype13,1,0.0035842293906810036,IGK:CQQYGSSPFTF,IGK:TGTCAGCAGTATGGTAGCTCACCATTCACTTTC
clonotype14,1,0.0035842293906810036,IGK:CQQYGSSPRTF,IGK:TGTCAGCAGTATGGTAGCTCACCTCGGACGTTC
clonotype15,1,0.0035842293906810036,IGK:CQQSFITPITF,IGK:TGTCAACAGAGTTTCATTACCCCGATCACCTTC
clonotype16,1,0.0035842293906810036,IGK:CQQSHRTPFTF,IGK:TGTCAACAGAGTCACAGAACCCCATTTACTTTC
clonotype17,1,0.0035842293906810036,IGK:CQQSYTTPLTF,IGK:TGTCAACAGAGTTACACTACCCCACTCACTTTC
clonotype18,1,0.0035842293906810036,IGK:CLQDYTYPYTF,IGK:TGTCTACAAGATTACACTTATCCGTACACTTTT
clonotype19,1,0.0035842293906810036,IGK:CQQANSFPITF,IGK:TGTCAACAGGCTAACAGTTTCCCGATCACCTTC
clonotype20,1,0.0035842293906810036,IGL:CCSYVGSSTFVEF,IGL:TGCTGCTCATATGTAGGTAGTAGCACTTTCGTGGAATTC
clonotype21,1,0.0035842293906810036,IGL:CSSYTSSSTLPWVF,IGL:TGCAGCTCATATACAAGCAGCAGCACTCTCCCCTGGGTGTTC
clonotype22,1,0.0035842293906810036,IGH:CARDQTW;IGK:CQQYDNLPLTF,IGH:TGTGCGAGAGATCAGACTTGG;IGK:TGTCAACAGTATGATAATCTCCCGCTCACTTTC
clonotype23,1,0.0035842293906810036,IGL:CCSYAGSSTFEVYVF,IGL:TGCTGCTCATATGCAGGTAGTAGCACTTTCGAGGTTTATGTCTTC
clonotype24,1,0.0035842293906810036,IGH:CASLYYW;IGK:CQQRSNWPPYTF,IGH:TGTGCCAGCTTATACTACTGG;IGK:TGTCAGCAGCGTAGCAACTGGCCTCCGTACACTTTT
clonotype25,1,0.0035842293906810036,IGK:CQQYYSTPPTF,IGK:TGTCAGCAATATTATAGTACTCCTCCGACTTTT
clonotype26,1,0.0035842293906810036,IGK:CQQYYSSPWTF,IGK:TGTCAGCAATATTATAGTTCTCCGTGGACGTTC
clonotype27,1,0.0035842293906810036,IGH:CAKLGATTW;IGK:CMQSIQLPVTF,IGH:TGTGCGAAGCTGGGGGCTACAACCTGG;IGK:TGCATGCAAAGTATACAGCTTCCCGTCACTTTC
clonotype28,1,0.0035842293906810036,IGH:CAKGVINDPW;IGK:CQQYGSSPYTF,IGH:TGTGCGAAAGGAGTCATTAACGACCCCTGG;IGK:TGTCAGCAGTATGGTAGCTCACCGTACACTTTT
clonotype29,1,0.0035842293906810036,IGH:CASHGTFDYW;IGL:CSAWDSTLSAWVF,IGH:TGTGCGAGTCATGGGACATTTGACTACTGG;IGL:TGCTCAGCATGGGACAGTACCCTCAGTGCTTGGGTGTTC
clonotype30,1,0.0035842293906810036,IGH:CANTGVPDYW;IGK:CQQSYSTPYTF,IGH:TGTGCGAACACCGGGGTCCCTGACTACTGG;IGK:TGTCAACAGAGTTACAGTACCCCGTACACTTTT
clonotype31,1,0.0035842293906810036,IGL:CGADHGSGSNFVRVF,IGL:TGTGGGGCAGACCACGGCAGTGGGAGCAACTTCGTGAGGGTGTTC
clonotype32,1,0.0035842293906810036,IGH:CAVGSSWYNYW;IGK:CQQYNNWPLTF,IGH:TGTGCAGTTGGCAGCAGCTGGTACAACTACTGG;IGK:TGTCAGCAGTATAATAACTGGCCTCTCACTTTC
clonotype33,1,0.0035842293906810036,IGH:CIKEEDRSRHW;IGL:CQSADSSGTYRWVF,IGH:TGTATAAAAGAAGAAGACCGGTCCCGGCACTGG;IGL:TGTCAATCAGCAGACAGCAGTGGTACTTACCGCTGGGTGTTC
clonotype34,1,0.0035842293906810036,IGH:CAKDEWEPTGV;IGK:CQQSYSTPRTF,IGH:TGTGCGAAAGATGAGTGGGAGCCAACCGGGGTG;IGK:TGTCAACAGAGTTACAGTACCCCTCGCACCTTC
clonotype35,1,0.0035842293906810036,IGH:CAKDRGAFDIW;IGK:CQQSYSTPRCTF,IGH:TGTGCGAAAGATCGGGGTGCTTTTGATATCTGG;IGK:TGTCAACAGAGTTACAGTACCCCTCGGTGTACTTTT
clonotype36,1,0.0035842293906810036,IGH:CAREGAYDDNYW;IGK:CQQYGSSPRTF,IGH:TGTGCGAGGGAAGGCGCCTACGATGACAACTACTGG;IGK:TGTCAGCAGTATGGTAGCTCACCTCGAACGTTC
clonotype37,1,0.0035842293906810036,IGH:CVRESVVGFDYW;IGK:CQHTYTPPPTF,IGH:TGTGTGAGAGAATCCGTGGTGGGTTTTGACTATTGG;IGK:TGTCAACACACTTACACTCCCCCTCCTACTTTC
clonotype38,1,0.0035842293906810036,IGH:CARGGYRNAFDIW;IGL:CGTWDSSLSAVF,IGH:TGTGCGAGAGGGGGGTATAGGAATGCTTTTGATATCTGG;IGL:TGCGGAACATGGGATAGCAGCCTGAGTGCTGTGTTC
clonotype39,1,0.0035842293906810036,IGH:CARLSSGWYGDYW;IGL:CQAWDSSVVF,IGH:TGTGCGAGACTTAGCAGTGGCTGGTACGGGGACTACTGG;IGL:TGTCAGGCGTGGGACAGCAGCGTGGTATTC
clonotype40,1,0.0035842293906810036,IGH:CAKDDGVFVFDFW;IGL:CQTWDNMHVVF,IGH:TGTGCGAAAGATGATGGTGTCTTCGTCTTTGACTTCTGG;IGL:TGTCAGACGTGGGACAACATGCATGTGGTGTTC
clonotype41,1,0.0035842293906810036,IGH:CASISSGWDEDYW;IGK:CQQYNNWLPTF,IGH:TGTGCGAGCATTAGCAGTGGCTGGGACGAGGACTACTGG;IGK:TGTCAGCAGTATAATAACTGGCTCCCCACTTTT
clonotype42,1,0.0035842293906810036,IGH:CARDGIAVAQEYW;IGK:CQQYGSSPQTF,IGH:TGTGCGAGAGATGGGATAGCAGTGGCCCAGGAATACTGG;IGK:TGTCAGCAGTATGGTAGCTCACCTCAAACGTTC
clonotype43,1,0.0035842293906810036,IGH:CARVGWGSGFDYW;IGK:CQQYNNWPPYTF,IGH:TGTGCGAGAGTGGGGTGGGGATCTGGTTTTGACTACTGG;IGK:TGTCAGCAGTATAATAACTGGCCTCCGTACACTTTT
clonotype44,1,0.0035842293906810036,IGH:CQTRGGATITDYW;IGK:CQQHTNWPPYTF,IGH:TGTCAGACAAGAGGGGGGGCTACGATCACTGACTACTGG;IGK:TGTCAGCAGCATACCAACTGGCCTCCGTACACTTTT
clonotype45,1,0.0035842293906810036,IGH:CARGRVARDFDYW;IGK:CQQYGSSPKTF,IGH:TGTGCGAGAGGCCGAGTAGCTCGGGACTTTGACTACTGG;IGK:TGTCAGCAGTATGGTAGCTCACCTAAGACGTTC
clonotype46,1,0.0035842293906810036,IGH:CARGLAAAGGAYW;IGK:CQQYDSYPYTF,IGH:TGTGCGAGGGGATTAGCAGCAGCTGGCGGTGCCTACTGG;IGK:TGCCAACAGTATGATAGTTACCCGTACACTTTT
clonotype47,1,0.0035842293906810036,IGH:CARGVGSGWFDYW;IGK:CQQSYSTPVTF,IGH:TGTGCGAGAGGAGTCGGCAGTGGCTGGTTTGACTACTGG;IGK:TGTCAACAGAGTTACAGTACCCCCGTGACGTTC
clonotype48,1,0.0035842293906810036,IGH:CARRVTGSCFDYW;IGL:CCSYAGSSTWVF,IGH:TGTGCGAGACGGGTAACTGGAAGTTGCTTTGACTACTGG;IGL:TGCTGCTCATATGCAGGTAGTAGCACTTGGGTGTTC
clonotype49,1,0.0035842293906810036,IGH:CARQGTVTGMGYW;IGK:CMQTLQTPRTF,IGH:TGTGCGAGACAGGGTACGGTGACAGGGATGGGCTACTGG;IGK:TGCATGCAAACTCTACAAACTCCTCGGACGTTC
clonotype50,1,0.0035842293906810036,IGH:CAKERWLAADDYW;IGK:CQQYYSTPRTF,IGH:TGTGCGAAAGAAAGGTGGTTAGCAGCAGATGACTACTGG;IGK:TGTCAGCAATATTATAGTACTCCTCGGACGTTC
clonotype51,1,0.0035842293906810036,IGH:CARGGLLVRLNYW;IGK:CQQYYSTPPLTF,IGH:TGTGCGAGAGGCGGACTCCTCGTCCGTTTGAACTACTGG;IGK:TGTCAGCAATATTATAGTACTCCTCCGCTCACTTTC
clonotype52,1,0.0035842293906810036,IGH:CARLTTVVAGYFDSW;IGL:CHAWDSSGVF,IGH:TGTGCGAGACTGACTACGGTGGTTGCTGGCTACTTTGACTCCTGG;IGL:TGTCACGCGTGGGACAGCAGCGGGGTTTTC
clonotype53,1,0.0035842293906810036,IGH:CARGNSGYAHFDYW;IGK:CQQYPWTF,IGH:TGTGCGAGAGGGAATAGTGGCTACGCCCACTTTGACTACTGG;IGK:TGCCAACAGTATCCGTGGACGTTC
clonotype54,1,0.0035842293906810036,IGH:CARGTTVTPDFDYW;IGK:CQQYYSYPRTF,IGH:TGTGCGAGAGGGACTACGGTGACTCCTGACTTTGACTACTGG;IGK:TGTCAACAGTATTATAGTTACCCTCGCACTTTT
clonotype55,1,0.0035842293906810036,IGH:CASFSDYYYYMDVW;IGK:CQQRSNWPPITF,IGH:TGTGCGAGTTTCTCCGACTACTACTACTACATGGACGTCTGG;IGK:TGTCAGCAGCGTAGCAACTGGCCTCCGATCACCTTC
clonotype56,1,0.0035842293906810036,IGH:CTSHHNIYTGRPDYW;IGK:CQQYQNWPPMTF,IGH:TGTACGAGCCATCACAATATTTATACTGGAAGGCCTGATTATTGG;IGK:TGTCAGCAGTATCAGAACTGGCCTCCGATGACCTTC
clonotype57,1,0.0035842293906810036,IGH:CGASRPWSAFDIW;IGK:CQHYNSYPWTF,IGH:TGTGGTGCCAGCCGACCATGGAGTGCTTTTGATATCTGG;IGK:TGCCAACACTATAATAGTTATCCCTGGACGTTC
clonotype58,1,0.0035842293906810036,IGH:CARDVGGTSFDYW;IGL:CCSYAGSYSWVF,IGH:TGTGCGAGAGATGTCGGTGGAACTAGTTTTGACTACTGG;IGL:TGCTGCTCATATGCAGGCAGCTACTCTTGGGTGTTC
clonotype59,1,0.0035842293906810036,IGH:CARISSCCYNDYW;IGL:CAAWDDSLNGVVF,IGH:TGTGCACGGATCTCCAGCTGCTGCTATAATGACTACTGG;IGL:TGTGCAGCATGGGATGACAGCCTGAATGGTGTGGTATTC
clonotype60,1,0.0035842293906810036,IGH:CARGGHYYYYMDVW;IGK:CQQRSNWPLIFTF,IGH:TGTGCGAGAGGCGGGCACTACTACTACTACATGGACGTCTGG;IGK:TGTCAGCAGCGTAGCAACTGGCCTCTTATATTCACTTTC
clonotype61,1,0.0035842293906810036,IGH:CARGLTKLPISQVW;IGK:CLQNYNYPPTF,IGH:TGTGCGAGAGGCCTCACGAAGCTTCCAATATCACAGGTCTGG;IGK:TGTCTCCAGAATTACAATTACCCTCCCACTTTT
clonotype62,1,0.0035842293906810036,IGH:CTTGWWTEDYTV;IGK:CMQGTHWPPGWTF,IGH:TGTACCACAGGGTGGTGGACAGAAGACTATACAGTG;IGK:TGCATGCAAGGTACACACTGGCCTCCGGGGTGGACGTTC
clonotype63,1,0.0035842293906810036,IGH:CARDPSGWSTRFDYW;IGK:CQQRSNWVTF,IGH:TGTGCGAGAGATCCCAGTGGCTGGTCGACCCGCTTTGACTACTGG;IGK:TGTCAGCAGCGTAGCAACTGGGTCACCTTC
clonotype64,1,0.0035842293906810036,IGH:CARVSPTMVQGASVW;IGL:CAAWDDSLNAVVF,IGH:TGTGCGAGAGTCTCCCCTACTATGGTTCAGGGAGCCTCAGTATGG;IGL:TGTGCAGCATGGGATGACAGCCTGAATGCTGTGGTATTC
clonotype65,1,0.0035842293906810036,IGH:CAAMTPVNRLYFDYW;IGK:CQQADSFPRTF,IGH:TGTGCGGCGATGACTCCGGTGAATAGATTGTACTTTGACTACTGG;IGK:TGTCAACAGGCTGACAGTTTCCCCCGGACGTTC
clonotype66,1,0.0035842293906810036,IGH:CAKGAAALIAAADYW;IGK:CQQYNSYPFTF,IGH:TGTGCGAAAGGTGCCGCGGCGCTTATAGCAGCAGCTGACTACTGG;IGK:TGCCAACAGTATAATAGTTACCCATTCACTTTC
clonotype67,1,0.0035842293906810036,IGH:CARVFFYGSEYLEYW;IGK:CQKYNSGPITF,IGH:TGTGCGAGAGTCTTTTTCTATGGTTCAGAATACCTTGAATACTGG;IGK:TGTCAAAAATATAACAGTGGCCCGATCACCTTC
clonotype68,1,0.0035842293906810036,IGH:CARTYSSSSPYFDYW;IGK:CQQANSFSALTF,IGH:TGTGCGAGAACTTATAGCAGCTCGTCCCCCTACTTTGACTACTGG;IGK:TGTCAACAGGCTAACAGTTTCTCTGCGCTCACTTTC
clonotype69,1,0.0035842293906810036,IGH:CACVHSSAKGWFAPW;IGL:CQSFDSSLSGSGVF,IGH:TGTGCGTGCGTCCATAGCAGCGCAAAGGGTTGGTTCGCCCCCTGG;IGL:TGCCAGTCCTTTGACAGCAGCCTGAGTGGTTCGGGGGTGTTT
clonotype70,1,0.0035842293906810036,IGH:CAKGGVVPAAGDYYYMDVW;IGH:CARHPSTTAEWFDPW;IGK:CHQYYSPPPTF;IGL:CQSYDSSLSGSRVF,IGH:TGTGCGAAAGGTGGGGTAGTACCAGCTGCGGGGGACTACTACTACATGGACGTCTGG;IGH:TGTGCGAGACACCCCTCCACTACAGCGGAGTGGTTCGACCCCTGG;IGK:TGTCACCAATATTATAGTCCTCCTCCCACTTTC;IGL:TGCCAGTCCTATGACAGCAGCCTGAGTGGTTCGAGGGTGTTC
clonotype71,1,0.0035842293906810036,IGH:CARDDYSNGNWFDPW;IGK:CMQGTHWPPTF,IGH:TGTGCGAGAGATGACTACAGTAACGGGAACTGGTTCGACCCCTGG;IGK:TGCATGCAAGGTACACACTGGCCTCCGACGTTC
clonotype72,1,0.0035842293906810036,IGH:CTTDAGWSGGNFW;IGK:CMQATHWPRTF,IGH:TGTACCACTGATGCTGGGTGGAGCGGCGGGAACTTCTGG;IGK:TGCATGCAAGCTACACACTGGCCTAGGACGTTC
clonotype73,1,0.0035842293906810036,IGH:CTAVDGPWFKDFW;IGK:CQQHYDIPPFMSTF,IGH:TGTACCGCAGTTGACGGCCCCTGGTTCAAGGACTTCTGG;IGK:TGTCAGCAACATTATGATATTCCTCCCTTTATGTCCACTTTT
clonotype74,1,0.0035842293906810036,IGH:CAREGKAAAVNPFDYW,IGH:TGTGCGAGGGAGGGGAAAGCAGCTGCTGTCAACCCTTTTGACTACTGG
clonotype75,1,0.0035842293906810036,IGH:CARVLAAAERFLDYW;IGL:CQAWDSSTAVF,IGH:TGTGCGAGAGTGCTAGCAGCAGCTGAGAGATTCCTGGACTACTGG;IGL:TGTCAGGCGTGGGACAGCAGCACTGCGGTATTC
clonotype76,1,0.0035842293906810036,IGH:CATLPTGDHRPFDLW;IGL:CQVWDSAGDWVF,IGH:TGTGCGACTCTCCCCACGGGGGATCATAGGCCTTTTGATTTGTGG;IGL:TGTCAGGTGTGGGACAGTGCTGGTGATTGGGTCTTC
clonotype77,1,0.0035842293906810036,IGH:CARENFDYGDSLDYW;IGK:CQQRSNWPFTF,IGH:TGTGCGAGAGAAAACTTTGACTACGGTGACTCGCTTGACTACTGG;IGK:TGTCAGCAGCGTAGCAACTGGCCCTTCACTTTC
clonotype78,1,0.0035842293906810036,IGH:CARDKGYSYGYFDYW;IGK:CQQRSNWPWTF,IGH:TGTGCGAGAGATAAAGGATACAGCTATGGTTACTTTGACTACTGG;IGK:TGTCAGCAGCGTAGCAACTGGCCGTGGACGTTC
clonotype79,1,0.0035842293906810036,IGH:CAREYTSDWITKFDYW;IGL:CNSRGSSGKPWVF,IGH:TGTGCGAGAGAGTATACCAGTGACTGGATAACCAAATTTGACTACTGG;IGL:TGTAACTCCCGGGGCTCCAGTGGTAAGCCTTGGGTGTTC
clonotype80,1,0.0035842293906810036,IGH:CARGGYSSGWLFDYW;IGK:CQQYNSYPTF,IGH:TGTGCGAGAGGGGGGTATAGCAGTGGCTGGCTCTTTGACTACTGG;IGK:TGCCAACAGTATAATAGTTATCCCACTTTT
clonotype81,1,0.0035842293906810036,IGH:CARDCSSTSCYDFDYW;IGK:CQQYGSSSITF,IGH:TGTGCGAGAGATTGTAGTAGTACCAGCTGCTATGACTTTGACTACTGG;IGK:TGTCAGCAGTATGGTAGCTCTTCGATCACCTTC
clonotype82,1,0.0035842293906810036,IGH:CARDYYYYGSRSFDYW;IGK:CQQSYSTPRTF;IGL:CQVWDSSSDHPWVF,IGH:TGTGCGAGAGATTATTATTACTATGGTTCAAGGAGCTTTGACTACTGG;IGK:TGTCAACAGAGTTACAGTACCCCTCGGACGTTC;IGL:TGTCAGGTGTGGGATAGTAGTAGTGATCATCCGTGGGTGTTC
clonotype83,1,0.0035842293906810036,IGH:CVKGCSGGSLSYFDYW;IGK:CQQYNNWPQWTF,IGH:TGTGTGAAAGGCTGTAGTGGTGGTAGCCTCTCCTACTTTGACTACTGG;IGK:TGTCAGCAGTATAATAACTGGCCTCAGTGGACGTTC
clonotype84,1,0.0035842293906810036,IGH:CASTPPGYYYYYMDVW;IGK:CQQYNNWPFWTF,IGH:TGTGCTTCTACCCCGCCCGGCTACTACTACTACTACATGGACGTCTGG;IGK:TGTCAGCAGTATAATAACTGGCCTTTTTGGACGTTC
clonotype85,1,0.0035842293906810036,IGH:CTRDPPYGEAFDIW;IGK:CQQYGNSPQTF;IGK:CQQYYSTPITF,IGH:TGTACTAGAGATCCCCCCTATGGGGAGGCTTTTGATATCTGG;IGK:TGTCAGCAGTATGGCAACTCACCCCAGACTTTT;IGK:TGTCAGCAATATTATAGTACTCCGATCACCTTC
clonotype86,1,0.0035842293906810036,IGH:CARDLYGARVYMDVW;IGL:CGTWDSSLSRYVF,IGH:TGTGCGAGGGATCTCTATGGTGCCCGCGTCTACATGGACGTCTGG;IGL:TGCGGAACATGGGATTCCAGCCTGAGTCGTTATGTCTTC
clonotype87,1,0.0035842293906810036,IGH:CAREGKAAAVNPFDYW;IGK:CQQYNSYSGTF,IGH:TGTGCGAGGGAGGGGAAAGCGGCAGCTGTCAACCCTTTTGACTACTGG;IGK:TGCCAACAGTATAATAGTTATTCGGGGACGTTC
clonotype88,1,0.0035842293906810036,IGH:CARGAVGAKFGAFDIW;IGK:CQQSYSTPQSF,IGH:TGTGCGAGAGGAGCGGTAGGTGCTAAATTCGGTGCTTTTGATATCTGG;IGK:TGTCAACAGAGTTACAGTACCCCTCAGTCGTTC
clonotype89,1,0.0035842293906810036,IGH:CAKCQWISGSFPFDYW;IGL:CGTWDGSLSAVVF,IGH:TGTGCGAAATGTCAGTGGATTTCAGGGAGTTTCCCCTTTGACTACTGG;IGL:TGCGGAACATGGGATGGCAGCCTGAGTGCTGTGGTATTC
clonotype90,1,0.0035842293906810036,IGH:CARAKDYGDYPYYFDYW;IGK:CQQYNSYSPWTF,IGH:TGTGCGAGGGCCAAAGACTACGGTGACTACCCGTACTACTTTGACTACTGG;IGK:TGCCAACAGTATAATAGTTATTCTCCGTGGACGTTC
clonotype91,1,0.0035842293906810036,IGH:CARDGNDILTGYCLYW;IGK:CQQYYSTPPTF,IGH:TGTGCGAGAGATGGGAACGATATTTTGACTGGTTATTGCCTATACTGG;IGK:TGTCAGCAATATTATAGTACTCCTCCGACGTTC
clonotype92,1,0.0035842293906810036,IGH:CARDAVVPAAGAFDIW;IGL:CQSADSSGTWVF,IGH:TGTGCCAGAGATGCGGTAGTACCAGCTGCTGGGGCTTTTGATATCTGG;IGL:TGTCAATCAGCAGACAGCAGTGGTACGTGGGTGTTC
clonotype93,1,0.0035842293906810036,IGH:CARVVRATPNPTWFDPW;IGK:CQQRSNWPITF,IGH:TGTGCGAGAGTGGTTCGGGCGACTCCAAACCCAACCTGGTTCGACCCCTGG;IGK:TGTCAGCAGCGTAGCAACTGGCCGATCACCTTC
clonotype94,1,0.0035842293906810036,IGH:CAKDIGYSSSWSPFDYW;IGL:CCSYAGSSIPF,IGH:TGTGCAAAAGATATAGGATATAGCAGCAGCTGGTCGCCTTTTGACTACTGG;IGL:TGCTGCTCATATGCAGGTAGTAGCATTCCCTTC
clonotype95,1,0.0035842293906810036,IGH:CAKDRGTSVRIPWFDPW;IGK:CQQYNNWPPITF,IGH:TGTGCGAAAGATAGGGGGACATCGGTCCGTATTCCCTGGTTCGACCCCTGG;IGK:TGTCAGCAGTATAATAACTGGCCTCCGATCACCTTC
clonotype96,1,0.0035842293906810036,IGH:CAKGPRGLRLHDAFDIW;IGK:CQQYGSSPYTF,IGH:TGTGCGAAAGGGCCGCGGGGGCTACGATTACATGATGCTTTTGATATCTGG;IGK:TGTCAGCAGTATGGTAGCTCCCCGTACACTTTT
clonotype97,1,0.0035842293906810036,IGH:CARARRAGEEMDWFDPW;IGK:CQQYNNWPPYTF,IGH:TGTGCGAGAGCCCGAAGGGCTGGGGAAGAGATGGACTGGTTCGACCCCTGG;IGK:TGTCAGCAGTATAATAACTGGCCTCCGTACACTTTT
clonotype98,1,0.0035842293906810036,IGH:CARRGTSGWYDAFDIW;IGK:CQQSYSTPLTF;IGL:CETWDSNTRVF,IGH:TGTGCGAGGAGGGGGACCAGTGGCTGGTATGATGCTTTTGATATCTGG;IGK:TGTCAACAGAGTTACAGTACCCCGCTCACTTTC;IGL:TGTGAGACCTGGGACAGTAACACTCGGGTGTTC
clonotype99,1,0.0035842293906810036,IGH:CARDLRAGVNDDAYDVW;IGL:CSSYSHSANLLF,IGH:TGTGCGAGAGATCTAAGGGCCGGAGTAAACGATGATGCTTATGACGTCTGG;IGL:TGCAGCTCATATTCTCACAGCGCCAATTTGTTATTC
clonotype100,1,0.0035842293906810036,IGH:CARITLPEGTPALDYW;IGK:CQQSYSTPPLF,IGH:TGTGCACGGATTACGCTTCCCGAGGGAACGCCAGCCCTTGACTACTGG;IGK:TGTCAACAGAGTTACAGTACCCCTCCTCTTTTC
clonotype101,1,0.0035842293906810036,IGH:CAKGHSSSWFWDWFDPW;IGL:CAAWDDSLSGWVF,IGH:TGTGCGAAAGGCCATAGCAGCAGCTGGTTCTGGGACTGGTTCGACCCCTGG;IGL:TGTGCAGCATGGGATGACAGCCTGAGTGGTTGGGTGTTC
clonotype102,1,0.0035842293906810036,IGH:CAKRMLSTLGYYYMDVW;IGK:CQQSYSNSPAF,IGH:TGTGCGAAAAGGATGCTGAGTACCCTTGGTTACTACTACATGGACGTCTGG;IGK:TGTCAACAGAGTTACAGTAATTCTCCCGCTTTC
clonotype103,1,0.0035842293906810036,IGH:CAKGYDFWSGFYYFDSW;IGL:CCSYVGVYTLEVF,IGH:TGTGCTAAAGGTTACGATTTTTGGAGTGGTTTTTACTACTTTGACTCCTGG;IGL:TGCTGCTCATATGTAGGCGTCTACACTTTGGAGGTGTTC
clonotype104,1,0.0035842293906810036,IGH:CARDRNAVMAVPHFDYW;IGK:CVQATQIPKTF,IGH:TGTGCGAGAGATCGAAATGCAGTAATGGCAGTTCCTCACTTTGACTATTGG;IGK:TGCGTGCAAGCTACACAAATTCCGAAGACGTTC
clonotype105,1,0.0035842293906810036,IGH:CAKDFGSYQLLGAPDYW;IGK:CMQATQFPLTF,IGH:TGTGCGAAAGATTTCGGGTCGTACCAGCTGCTAGGCGCACCCGACTACTGG;IGK:TGCATGCAAGCTACACAATTTCCGCTCACTTTC
clonotype106,1,0.0035842293906810036,IGH:CARVPMVYAIYDAFDIW;IGK:CQQYYSTPPTF,IGH:TGTGCGAGAGTCCCGATGGTGTATGCTATCTATGATGCTTTTGATATCTGG;IGK:TGTCAGCAATATTATAGTACTCCTCCCACTTTT
clonotype107,1,0.0035842293906810036,IGH:CARGGYNWNYDAAFDIW;IGK:CQQYYTTPPTF,IGH:TGTGCAAGGGGGGGCTATAATTGGAACTATGATGCTGCTTTTGATATCTGG;IGK:TGTCAGCAATATTATACTACTCCTCCGACGTTC
clonotype108,1,0.0035842293906810036,IGH:CARVVGYCSSGRCYPAYW;IGK:CQKYGTF,IGH:TGTGCGAGAGTTGTAGGATATTGTAGTAGTGGTAGGTGCTACCCTGCATACTGG;IGK:TGTCAAAAGTATGGAACTTTC
clonotype109,1,0.0035842293906810036,IGH:CARTPTTVIAGDYFDYW;IGL:CQVWDAGSDIVVF,IGH:TGTGCACGGACTCCGACTACAGTAATCGCGGGAGACTACTTTGACTACTGG;IGL:TGTCAGGTGTGGGATGCTGGTAGTGATATTGTGGTGTTC
clonotype110,1,0.0035842293906810036,IGH:CARDTRYCSGGSCPMDVW;IGK:CQQANSFPRTF,IGH:TGTGCGAGAGATACCCGATATTGTAGTGGTGGTAGCTGCCCTATGGACGTCTGG;IGK:TGTCAACAGGCTAACAGTTTCCCTCGCACTTTT
clonotype111,1,0.0035842293906810036,IGH:CASVVVPAATYYYYYMDVW;IGK:CQQSYSTLGTF,IGH:TGTGCGAGCGTAGTAGTACCAGCTGCTACCTACTACTACTACTACATGGACGTCTGG;IGK:TGTCAACAGAGTTACAGTACCCTCGGGACGTTC
clonotype112,1,0.0035842293906810036,IGH:CARDWQYQLLWEDYFDYW;IGK:CQQANSFPYTF,IGH:TGTGCGAGAGATTGGCAGTACCAGCTGCTATGGGAGGACTACTTTGACTACTGG;IGK:TGTCAACAGGCTAACAGTTTCCCGTACACTTTT
clonotype113,1,0.0035842293906810036,IGH:CARRESNSFDYW;IGL:CCSYAGSSTFVF,IGH:TGTGCGCGCAGGGAGTCCAACTCCTTTGACTACTGG;IGL:TGCTGCTCATATGCAGGTAGTAGCACTTTTGTCTTC
clonotype114,1,0.0035842293906810036,IGH:CAKDIGYSSGWYNWFDPW;IGK:CQQRSNWPPEFTF,IGH:TGTGCAAAAGATATAGGGTATAGCAGTGGCTGGTACAACTGGTTCGACCCCTGG;IGK:TGTCAGCAGCGTAGCAACTGGCCTCCGGAATTCACTTTC
clonotype115,1,0.0035842293906810036,IGH:CAKASLIAAAGSDAFDIW;IGK:CQQSYSTPLTF,IGH:TGTGCGAAAGCCTCGCTTATAGCAGCAGCTGGGTCGGATGCTTTTGATATCTGG;IGK:TGTCAACAGAGTTACAGTACCCCGCTCACTTTC
clonotype116,1,0.0035842293906810036,IGH:CAREGIDYGAQRGAFDIW;IGK:CQQYNSYSRTF,IGH:TGTGCGAGAGAGGGAATTGACTACGGTGCCCAACGGGGTGCTTTTGATATCTGG;IGK:TGCCAACAGTATAATAGTTATTCAAGGACGTTC
clonotype117,1,0.0035842293906810036,IGH:CAKDPQACSGGPSCWVDW;IGK:CQQYDNLPWTF,IGH:TGTGCGAAAGATCCCCAGGCTTGTAGTGGTGGTCCCAGCTGCTGGGTCGACTGG;IGK:TGTCAACAGTATGATAATCTCCCTTGGACGTTC
clonotype118,1,0.0035842293906810036,IGH:CARDRTERGIAVAAPGYW;IGL:CSSYTSSSTLVF,IGH:TGTGCGAGAGATAGAACCGAGCGGGGTATAGCAGTGGCTGCCCCGGGCTACTGG;IGL:TGCAGCTCATATACAAGCAGCAGCACTCTGGTATTC
clonotype119,1,0.0035842293906810036,IGH:CARGDIVVVHTPWHNDYW;IGK:CQQYYSTPWTF,IGH:TGTGCGAGAGGAGATATTGTAGTAGTCCACACACCGTGGCACAATGACTACTGG;IGK:TGTCAGCAATATTATAGTACTCCGTGGACGTTC
clonotype120,1,0.0035842293906810036,IGH:CAREWLRSGFDYW;IGL:CQAWDSSTGVF,IGH:TGTGCGAGAGAGTGGCTACGATCCGGATTTGACTACTGG;IGL:TGTCAGGCGTGGGACAGCAGCACGGGAGTGTTC
clonotype121,1,0.0035842293906810036,IGH:CARAMVRGVYDYW;IGK:CQQRSNSLTF,IGH:TGTGCGAGAGCTATGGTTCGGGGAGTTTATGACTACTGG;IGK:TGTCAGCAGCGTAGCAACTCGCTCACTTTC
clonotype122,1,0.0035842293906810036,IGH:CARGKGAKISLQLVLDYW;IGL:CQVWDSSSDPVVF,IGH:TGTGCGAGAGGGAAAGGTGCTAAGATCAGTCTGCAGCTGGTACTTGACTACTGG;IGL:TGTCAGGTGTGGGATAGTAGTAGTGATCCCGTGGTATTC
clonotype123,1,0.0035842293906810036,IGH:CASPAHGGPSSSWYPLDYW;IGK:CQQYYSYPHTF,IGH:TGTGCGAGCCCGGCGCATGGGGGGCCAAGCAGCAGCTGGTACCCCTTGGACTACTGG;IGK:TGTCAACAGTATTATAGTTACCCTCACACTTTT
clonotype124,1,0.0035842293906810036,IGH:CASARGIQGGDYW;IGK:CQQRSNWPWTF,IGH:TGTGCGAGCGCCAGGGGGATACAAGGGGGTGACTACTGG;IGK:TGTCAGCAGCGTAGCAACTGGCCGTGGACGTTC
clonotype125,1,0.0035842293906810036,IGH:CARGGGRYFDWLGVVDVW;IGK:CQQYGSSPWTF,IGH:TGTGCGAGAGGAGGGGGACGATATTTTGACTGGCTTGGAGTTGTTGATGTCTGG;IGK:TGTCAGCAATATGGGAGTTCACCTTGGACGTTC
clonotype126,1,0.0035842293906810036,IGH:CAHSRGGLIPATRPFDYW;IGK:CQQTYRSYNF,IGH:TGTGCACACTCTAGGGGAGGCCTTATACCAGCCACTAGACCTTTTGACTACTGG;IGK:TGTCAACAGACTTACAGGTCGTACAATTTT
clonotype127,1,0.0035842293906810036,IGH:CAALSGGDRWYYYYYMDVW;IGK:CQQYNNWPPPTF,IGH:TGTGCGGCGCTTTCCGGTGGGGATCGATGGTACTACTACTACTACATGGACGTCTGG;IGK:TGTCAGCAGTATAATAACTGGCCTCCCCCGACGTTC
clonotype128,1,0.0035842293906810036,IGH:CARTRETTVTSRDAFDIW;IGK:CQQLNSYPPIF,IGH:TGTGCCAGAACCCGAGAGACTACGGTGACTTCCCGTGATGCTTTTGATATCTGG;IGK:TGTCAACAGCTTAATAGTTACCCTCCCATTTTC
clonotype129,1,0.0035842293906810036,IGH:CARDQASYDSSGSDAFDIW;IGK:CQQSYSTPWTF,IGH:TGTGCGAGAGATCAAGCATCTTATGATAGTAGTGGTTCTGATGCTTTTGATATCTGG;IGK:TGTCAACAGAGTTACAGTACCCCGTGGACGTTC
clonotype130,1,0.0035842293906810036,IGH:CVRGWPVKDYSSSSRRGYW;IGK:CQQSYITPHTF,IGH:TGTGTGAGAGGTTGGCCCGTCAAAGATTATAGCAGCTCGTCCCGTCGTGGCTACTGG;IGK:TGTCAACAGAGCTACATTACCCCTCACACTTTC
clonotype131,1,0.0035842293906810036,IGH:CARDSVTMVQGAFDAFDIW;IGK:CQQANSFPLTF,IGH:TGTGCGAGAGATTCGGTTACTATGGTTCAGGGAGCCTTTGATGCTTTTGATATCTGG;IGK:TGTCAACAGGCTAACAGTTTCCCGCTCACTTTC
clonotype132,1,0.0035842293906810036,IGH:CAKVKTGYCTGGTCFEDYW;IGK:CQQSYITPRTF,IGH:TGTGCGAAAGTAAAGACAGGATATTGTACCGGTGGTACCTGCTTCGAAGACTACTGG;IGK:TGTCAACAGAGTTACATTACCCCTCGAACGTTC
clonotype133,1,0.0035842293906810036,IGH:CASQTIRQVAGPRDAFDIW;IGK:CMQGTHWPSLFTF;IGL:CAAWDDSLSGGVF,IGH:TGTGCGAGCCAAACCATCCGCCAGGTGGCTGGACCCCGGGATGCTTTTGATATCTGG;IGK:TGCATGCAAGGTACACACTGGCCCTCCTTATTCACTTTC;IGL:TGTGCAGCATGGGATGACAGCCTGAGTGGTGGGGTGTTC
clonotype134,1,0.0035842293906810036,IGH:CARNSLRFLEWLETGFDPW;IGK:CQQSYSTPLTF,IGH:TGTGCGAGAAATTCATTACGATTTTTGGAGTGGTTAGAGACTGGGTTCGACCCCTGG;IGK:TGTCAACAGAGTTACAGTACCCCGCTCACTTTC
clonotype135,1,0.0035842293906810036,IGH:CARLSYDFWSGYSVRWFDPW;IGK:CQQYDNLPRFTF;IGL:CQSYDSSLSGLHVVF,IGH:TGTGCGAGACTTTCCTACGATTTTTGGAGTGGTTATTCAGTTCGGTGGTTCGACCCCTGG;IGK:TGTCAACAGTATGATAATCTCCCTCGATTCACTTTC;IGL:TGCCAGTCCTATGACAGCAGCCTGAGTGGTCTCCATGTGGTATTC
clonotype136,1,0.0035842293906810036,IGH:CARARGVTTSEYYYYMDVW;IGL:CQSYDSSLSGSVVF,IGH:TGTGCGAGAGCGCGTGGCGTAACTACGTCGGAGTACTACTACTACATGGACGTCTGG;IGL:TGCCAGTCCTATGACAGCAGCCTGAGTGGTTCTGTGGTATTC
clonotype137,1,0.0035842293906810036,IGH:CAGAMNYDILTGYYWFDPW;IGK:CQQYYSTPLTF,IGH:TGTGCGGGCGCAATGAATTACGATATTTTGACTGGTTATTATTGGTTCGACCCCTGG;IGK:TGTCAGCAATATTATAGTACTCCGCTCACTTTC
clonotype138,1,0.0035842293906810036,IGH:CATGYYGSKGLPGYYMDVW;IGK:CQQYYSTLLTF,IGH:TGTGCTACGGGATACTATGGTTCCAAGGGCCTACCGGGGTACTACATGGACGTCTGG;IGK:TGTCAGCAATATTATAGTACTCTGCTCACTTTC
clonotype139,1,0.0035842293906810036,IGH:CAKSGETQRDFWSGYYGYW;IGK:CQQYYSTPLTF,IGH:TGTGCGAAAAGTGGGGAGACTCAAAGGGATTTTTGGAGTGGTTATTATGGGTACTGG;IGK:TGTCAGCAATATTATAGTACTCCCCTGACGTTC
clonotype140,1,0.0035842293906810036,IGH:CARHDCSGGNCYNRDAFDIW,IGH:TGTGCGAGACATGATTGTAGCGGTGGTAATTGCTATAATAGAGATGCTTTTGATATCTGG
clonotype141,1,0.0035842293906810036,IGH:CTRTLGCPGGNCANEYFDLW;IGK:CQQRYNWYTF,IGH:TGTACAAGAACTTTGGGGTGTCCTGGTGGTAACTGCGCAAACGAATACTTCGATCTCTGG;IGK:TGTCAGCAGCGTTACAACTGGTACACTTTT
clonotype142,1,0.0035842293906810036,IGH:CAHGPWSIPVAGPGGFDYW;IGL:CQAWDSSTANVVF,IGH:TGTGCACACGGCCCCTGGTCGATACCAGTGGCTGGTCCTGGGGGGTTTGACTACTGG;IGL:TGTCAGGCGTGGGACAGCAGCACTGCCAATGTGGTATTC
clonotype143,1,0.0035842293906810036,IGH:CAREREGYCSSTSCFDFDYW;IGK:CQQRSNWPPTF,IGH:TGTGCGAGAGAGAGGGAAGGATATTGTAGTAGTACCAGCTGCTTCGACTTTGACTACTGG;IGK:TGTCAGCAGCGTAGCAACTGGCCTCCAACTTTC
clonotype144,1,0.0035842293906810036,IGH:CARETTIFGGVYYYYYMDVW;IGL:CNSRDSSGNHMGVF,IGH:TGTGCGAGAGAGACGACGATTTTTGGGGGGGTCTACTACTACTACTACATGGACGTCTGG;IGL:TGTAACTCCCGGGACAGCAGTGGTAACCATATGGGGGTGTTC
clonotype145,1,0.0035842293906810036,IGH:CAREGYSGYDLDYW;IGK:CQQRSNWPPTTF,IGH:TGTGCGAGAGAGGGATATAGTGGCTACGATTTAGACTACTGG;IGK:TGTCAGCAGCGTAGCAACTGGCCTCCGACCACCTTC
clonotype146,1,0.0035842293906810036,IGH:CARDFRGWAYYDFWSGYHYW;IGL:CQVWDSSSDHRGVF,IGH:TGTGCGAGAGATTTCCGGGGGTGGGCATATTACGATTTTTGGAGTGGTTACCACTACTGG;IGL:TGTCAGGTGTGGGATAGTAGTAGTGATCATAGAGGGGTGTTC
clonotype147,1,0.0035842293906810036,IGH:CARAYYDILTGPLGAFDYW;IGK:CQQYNSYPLTF,IGH:TGTGCGAGAGCGTATTACGATATTTTGACTGGCCCATTGGGGGCCTTTGACTACTGG;IGK:TGCCAACAGTATAATAGTTACCCGCTCACTTTC
clonotype148,1,0.0035842293906810036,IGH:CASFPRVVVPAATQNWFDPW;IGK:CQQYNSYSWTF,IGH:TGTGCGAGCTTCCCTAGGGTAGTAGTACCAGCTGCTACCCAGAACTGGTTCGACCCCTGG;IGK:TGCCAACAGTATAATAGTTATTCGTGGACGTTC
clonotype149,1,0.0035842293906810036,IGH:CAKGYCSSTSCYRLLHFDYW;IGK:CQKYNSAPPTF;IGK:CQQYYSFPYTF,IGH:TGTGCGAAAGGCTATTGTAGTAGTACCAGCTGCTATCGCCTCCTGCACTTTGACTACTGG;IGK:TGTCAAAAGTATAACAGTGCCCCTCCCACTTTC;IGK:TGTCAACAGTATTATAGTTTCCCGTACACTTTT
clonotype150,1,0.0035842293906810036,IGH:CARDVNSYGSGRYYQVLDYW;IGK:CQHRNNDPPLTF,IGH:TGTGCGAGAGATGTGAATTCCTATGGTTCAGGGAGGTATTATCAGGTCCTTGACTACTGG;IGK:TGTCAACACCGTAATAATGACCCCCCTCTCACTTTC
clonotype151,1,0.0035842293906810036,IGH:CARLGYDYIWGSYTNWFDPW;IGK:CQQYGSSPPMYTF,IGH:TGTGCGAGACTTGGTTATGATTACATTTGGGGGAGTTATACCAACTGGTTCGACCCCTGG;IGK:TGTCAGCAGTATGGTAGCTCACCCCCCATGTACACTTTT
clonotype152,1,0.0035842293906810036,IGH:CARLRYCSSTSCWAHFDYW;IGK:CQQYDNLPRGITF,IGH:TGTGCGAGACTGCGATATTGTAGTAGTACCAGCTGCTGGGCCCACTTTGACTACTGG;IGK:TGTCAACAGTATGATAATCTCCCTCGGGGGATCACCTTC
clonotype153,1,0.0035842293906810036,IGH:CARDVWDLEVVPSAIRFDPW;IGK:CMQALQTPYTF,IGH:TGTGCGAGAGATGTGTGGGATTTAGAAGTGGTCCCCTCTGCCATACGGTTCGACCCCTGG;IGK:TGCATGCAAGCTCTACAAACCCCGTACACTTTT
clonotype154,1,0.0035842293906810036,IGH:CARESGDVSHKAFNVW;IGK:CQQYYSSPPWTF,IGH:TGTGCAAGAGAGTCTGGGGATGTAAGTCACAAAGCTTTTAATGTCTGG;IGK:TGTCAGCAATATTATAGTAGTCCTCCGTGGACGTTC
clonotype155,1,0.0035842293906810036,IGH:CARGQSVVVPAAYDSDYFDYW;IGL:CNSRDSSGNRYVF,IGH:TGTGCGAGAGGTCAATCGGTGGTAGTACCAGCTGCTTATGATTCGGACTACTTTGACTACTGG;IGL:TGTAACTCCCGGGACAGCAGTGGTAACCGTTATGTCTTC
clonotype156,1,0.0035842293906810036,IGH:CARDASDRSSAYYYYYYMDVW;IGK:CQQYGSSPYTF,IGH:TGTGCGAGAGACGCTTCAGATCGCAGCAGCGCCTACTACTACTACTACTACATGGACGTCTGG;IGK:TGTCAGCAGTATGGTAGCTCACCGTACACTTTT
clonotype157,1,0.0035842293906810036,IGH:CARRITIFGVVIAQIDYFDYW;IGL:CAAWDDSLSGVVF,IGH:TGTGCGAGACGTATTACGATTTTTGGAGTGGTTATCGCCCAAATTGACTACTTTGACTACTGG;IGL:TGTGCAGCATGGGATGACAGCCTGAGTGGTGTGGTATTC
clonotype158,1,0.0035842293906810036,IGH:CARDRGPRIVVVPAPYAFDIW;IGK:CQQYDNLPPVF,IGH:TGTGCGAGAGATCGTGGGCCCCGTATTGTAGTAGTACCAGCCCCTTATGCTTTTGATATCTGG;IGK:TGTCAACAGTATGATAATCTCCCTCCTGTTTTC
clonotype159,1,0.0035842293906810036,IGH:CARGGYCSGGSCYSADAFDIW;IGL:CAAWDDSLSGYVF,IGH:TGTGCGAGAGGAGGATATTGTAGTGGTGGTAGCTGCTACTCTGCTGATGCTTTTGATATCTGG;IGL:TGTGCAGCATGGGATGACAGCCTGAGTGGTTATGTCTTC
clonotype160,1,0.0035842293906810036,IGH:CARESITMVRGVITTSHFDYW;IGK:CQQSYSTPPTF,IGH:TGTGCGAGAGAAAGTATTACTATGGTTCGGGGAGTTATTACAACATCCCACTTTGACTACTGG;IGK:TGTCAACAGAGTTACAGTACCCCTCCGACGTTC
clonotype161,1,0.0035842293906810036,IGH:CARAWFYYGSGSYYTWGWFDPW;IGK:CQQLNSYLPLTF,IGH:TGTGCGAGAGCTTGGTTTTACTATGGTTCAGGGAGTTATTATACCTGGGGGTGGTTCGACCCCTGG;IGK:TGTCAACAGCTTAATAGTTACCTTCCGCTCACTTTC
clonotype162,1,0.0035842293906810036,IGH:CARKGLHCSSTSCYTGNAFDIW;IGL:CSSYAGSNNFYVF,IGH:TGTGCGAGGAAAGGGCTCCATTGTAGTAGTACCAGCTGCTATACAGGGAATGCTTTTGATATCTGG;IGL:TGCAGCTCATATGCAGGCAGCAACAATTTTTATGTCTTC
clonotype163,1,0.0035842293906810036,IGH:CARDRALYDILTGYSIGPLDHW;IGK:CQQYNNWPYTF;IGL:CQAWDSAVGLF,IGH:TGTGCGAGAGACCGAGCCCTTTACGATATTTTGACTGGTTATTCTATCGGTCCCCTTGACCACTGG;IGK:TGTCAGCAGTATAATAACTGGCCGTACACTTTT;IGL:TGTCAGGCGTGGGACAGCGCCGTGGGACTTTTC
clonotype164,1,0.0035842293906810036,IGH:CAKNYLRDTGKKLWSYGAFDIW;IGK:CQQYGSSPWTF,IGH:TGTGCGAAAAATTATCTCCGTGATACAGGGAAAAAGCTATGGTCCTATGGGGCTTTTGATATCTGG;IGK:TGTCAGCAGTATGGTAGCTCACCGTGGACGTTC
clonotype165,1,0.0035842293906810036,IGH:CAKSQWRGDIVVVVAASAFDYW;IGK:CQQYNNWPPYTF,IGH:TGTGCGAAGTCCCAGTGGCGCGGCGATATTGTAGTGGTGGTAGCTGCTAGTGCTTTTGACTACTGG;IGK:TGTCAGCAGTATAATAACTGGCCTCCGTACACTTTT
clonotype166,1,0.0035842293906810036,IGH:CARAVGSKQSDYYDSGGIFDIW;IGK:CQQYDNLPYTF,IGH:TGTGCGAGAGCCGTCGGTTCAAAACAAAGCGATTACTATGATTCAGGGGGGATTTTTGATATCTGG;IGK:TGTCAACAGTATGATAATCTCCCGTACACTTTT
clonotype167,1,0.0035842293906810036,IGH:CVKDRGAGGVILMLYPMYFDYW;IGK:CQQSYNIPYTF,IGH:TGTGTAAAAGATCGTGGTGCTGGGGGTGTTATATTAATGCTCTATCCTATGTATTTTGACTACTGG;IGK:TGCCAACAGAGTTACAATATCCCGTACACTTTT
clonotype168,1,0.0035842293906810036,IGH:CARELSASGVPPGIAVAGLSYW;IGK:CQQYYSTPYTF,IGH:TGTGCGAGAGAGCTTTCCGCAAGCGGCGTTCCTCCGGGTATAGCAGTGGCTGGTCTGAGTTACTGG;IGK:TGTCAGCAATATTATAGTACTCCGTACACTTTT
clonotype169,1,0.0035842293906810036,IGH:CASGPYYDFWSGIRGYYYYMDVW;IGK:CQQYGSSLSITF,IGH:TGTGCTAGCGGTCCGTATTACGATTTTTGGAGTGGTATCCGGGGTTACTACTACTACATGGACGTCTGG;IGK:TGTCAGCAGTATGGTAGCTCACTTTCGATCACCTTC
clonotype170,1,0.0035842293906810036,IGH:CAKDPQDIVVVVAATPSFSMDVW;IGL:CGTWDSSLSAYVF,IGH:TGTGCGAAAGATCCGCAAGATATTGTAGTGGTGGTAGCTGCTACCCCCTCCTTCTCCATGGACGTCTGG;IGL:TGCGGAACATGGGATAGCAGCCTGAGTGCTTATGTCTTC
clonotype171,1,0.0035842293906810036,IGH:CARHDLLVEHWFDPW;IGL:CCSYTSSSTMIF,IGH:TGTGCGAGACATGATCTCCTAGTCGAACACTGGTTCGACCCCTGG;IGL:TGCTGCTCATATACAAGTAGCAGCACTATGATATTC
clonotype172,1,0.0035842293906810036,IGH:CARLHCSSASCSYSWFDLW;IGK:CQQSYRGLPFTF,IGH:TGTGCAAGACTGCATTGTAGTAGTGCCAGCTGCTCCTATAGCTGGTTCGACCTCTGG;IGK:TGTCAACAGAGTTACAGAGGCCTCCCGTTCACTTTT
clonotype173,1,0.0035842293906810036,IGH:CARLRGYSYGTIDYW;IGL:CQSYDSSLSGSGVF,IGH:TGTGCGAGACTCCGTGGATACAGCTATGGAACTATTGACTACTGG;IGL:TGCCAGTCCTATGACAGCAGCCTGAGTGGTTCGGGGGTGTTC
clonotype174,1,0.0035842293906810036,IGH:CATQSITFYGVVIADYYYMDVW;IGL:CQVWDTTTGVVF,IGH:TGTGCCACCCAGTCGATAACATTTTATGGAGTGGTCATTGCAGACTACTACTACATGGACGTCTGG;IGL:TGTCAGGTGTGGGACACCACTACGGGTGTGGTCTTC
clonotype175,1,0.0035842293906810036,IGH:CARANLIVVVPAVKPYYYYYMDVW;IGK:CQQYYSYPQTF,IGH:TGTGCGAGAGCCAACCTTATTGTAGTAGTACCAGCTGTTAAACCTTACTACTACTACTACATGGACGTCTGG;IGK:TGTCAACAGTATTATAGTTACCCTCAGACTTTC
clonotype176,1,0.0035842293906810036,IGH:CAKDGYDFWSGYYTFYYYYYMDVW;IGK:CQQYNNWPPWTF,IGH:TGTGCGAAAGATGGGTACGATTTTTGGAGTGGTTATTACACCTTCTACTACTACTACTACATGGACGTCTGG;IGK:TGTCAGCAGTATAATAACTGGCCTCCGTGGACGTTC
clonotype177,1,0.0035842293906810036,IGH:CARGPDITGTAMNAFDIW;IGK:CQQANSFPWTF,IGH:TGTGCGAGAGGGCCCGATATAACTGGAACTGCCATGAATGCTTTTGATATCTGG;IGK:TGTCAACAGGCTAACAGTTTCCCGTGGACGTTC
clonotype178,1,0.0035842293906810036,IGH:CTTGGVTMVGIWGSPPGYFDYW;IGK:CQQYDNLRITF,IGH:TGTACCACAGGGGGGGTTACTATGGTTGGGATTTGGGGGAGTCCCCCTGGGTACTTTGACTACTGG;IGK:TGTCAACAGTATGATAATCTCCGGATCACCTTC
clonotype179,1,0.0035842293906810036,IGH:CARVGVDYYGSGSYYNYYYYYMDVW;IGK:CQQSYSTPALTF,IGH:TGTGCGAGAGTTGGGGTCGATTACTATGGTTCGGGGAGTTATTATAACTACTACTACTACTACATGGACGTCTGG;IGK:TGTCAACAGAGTTACAGTACCCCAGCGCTCACTTTC
clonotype180,1,0.0035842293906810036,IGH:CARTWWGLRITMVQGAAGWFDPW;IGK:CQQYYSTPPWTF,IGH:TGTGCGAGAACTTGGTGGGGACTACGTATTACTATGGTTCAGGGAGCCGCGGGATGGTTCGACCCCTGG;IGK:TGTCAGCAATATTATAGTACTCCTCCGTGGACGTTC
clonotype181,1,0.0035842293906810036,IGH:CAGAGYDFWSGYYTRFDYW;IGK:CQQYNNWPRTF,IGH:TGTGCGGGCGCCGGATACGATTTTTGGAGTGGTTATTATACCCGCTTTGACTACTGG;IGK:TGTCAGCAGTATAATAACTGGCCTCGGACGTTC
clonotype182,1,0.0035842293906810036,IGH:CARDLQTPLRGIAVAARPYWYFDLW;IGL:CNSRDSSGNHVVF,IGH:TGTGCGAGAGACCTCCAAACACCTCTACGGGGTATAGCAGTGGCTGCCAGGCCCTACTGGTACTTCGATCTCTGG;IGL:TGTAACTCCCGGGACAGCAGTGGTAACCATGTGGTATTC
clonotype183,1,0.0035842293906810036,IGH:CANNDYSNYLGGWFDPW;IGK:CQQYNNWPYTF,IGH:TGTGCGAACAATGACTACAGTAACTATTTAGGGGGCTGGTTCGACCCCTGG;IGK:TGTCAGCAGTATAATAACTGGCCTTACACTTTT
clonotype184,1,0.0035842293906810036,IGH:CARQSPYSGYADAFDIW;IGK:CQQSYSTPWTF,IGH:TGTGCGAGACAATCCCCATATAGTGGCTACGCCGATGCTTTTGATATCTGG;IGK:TGTCAACAGAGTTACAGTACCCCGTGGACGTTC
clonotype185,1,0.0035842293906810036,IGH:CARRTLLRYFDWLFDYW;IGL:CSSYAGSNNLVF,IGH:TGTGCGAGACGCACGCTATTACGATATTTTGACTGGTTATTTGACTACTGG;IGL:TGCAGCTCATATGCAGGCAGCAACAATTTGGTGTTC
clonotype186,1,0.0035842293906810036,IGH:CARDYREWLRLGLGDFYYYYYMDVW;IGK:CQQSYSTPLYTF,IGH:TGTGCGAGAGATTATCGGGAGTGGCTACGATTAGGCCTCGGTGACTTCTACTACTACTACTACATGGACGTCTGG;IGK:TGTCAACAGAGTTACAGTACCCCTCTGTACACTTTT
clonotype187,1,0.0035842293906810036,IGH:CARGVSRVSYYDYIWGSYRPWYFDYW;IGK:CQQYDNLPPLTF,IGH:TGTGCGAGAGGGGTATCGAGGGTATCGTATTATGATTACATTTGGGGGAGTTATCGCCCCTGGTACTTTGACTACTGG;IGK:TGTCAACAGTATGATAATCTCCCTCCGCTCACTTTC
clonotype188,1,0.0035842293906810036,IGH:CARVLSPIGTYYDFWSGPPGGYMDVW;IGK:CQQYYSYLWTF,IGH:TGTGCGAGAGTTCTTTCGCCGATAGGGACGTATTACGATTTTTGGAGTGGGCCTCCCGGGGGGTACATGGACGTCTGG;IGK:TGTCAACAGTATTATAGTTACCTTTGGACGTTC
clonotype189,1,0.0035842293906810036,IGH:CARGKRGLYYGSGRWYYMDVW;IGK:CQQYGSSPLTF,IGH:TGTGCGAGAGGCAAACGGGGGCTTTACTATGGTTCAGGGAGGTGGTACTACATGGACGTCTGG;IGK:TGTCAGCAGTATGGTAGCTCACCTCTCACTTTC
clonotype190,1,0.0035842293906810036,IGH:CAKAGDNLGYYDFWSGLNPFISWFDPW;IGK:CQQYNNWPLFTF,IGH:TGTGCGAAGGCCGGGGATAATTTGGGGTATTACGATTTTTGGAGTGGCCTGAACCCCTTTATATCCTGGTTCGACCCCTGG;IGK:TGTCAGCAGTATAATAACTGGCCTCTATTCACTTTC
clonotype191,1,0.0035842293906810036,IGH:CARAGRDVVVPAAIAGEGYYYYYMDVW;IGK:CQQSYSTPLTF,IGH:TGTGCGAGAGCGGGGCGTGATGTAGTAGTACCAGCTGCTATAGCAGGGGAAGGCTACTACTACTACTACATGGACGTCTGG;IGK:TGTCAACAGAGTTACAGTACCCCCCTCACTTTC
clonotype192,1,0.0035842293906810036,IGH:CARQGRGYFSGSGSYPDYW;IGK:CQQSYSTPRYTF,IGH:TGTGCGAGACAAGGGAGGGGGTATTTCTCTGGTTCGGGGAGTTATCCGGACTACTGG;IGK:TGTCAACAGAGTTACAGTACCCCTCGGTACACTTTT
clonotype193,1,0.0035842293906810036,IGH:CARGRGSPVRQGDSGYRFDLW;IGL:CCSFAAPYTFSKAYVF,IGH:TGTGCGAGAGGTCGGGGGTCTCCAGTACGACAAGGCGATTCGGGATATCGTTTCGACCTCTGG;IGL:TGCTGCTCATTTGCGGCCCCCTACACTTTTTCCAAGGCTTATGTCTTC
clonotype194,1,0.0035842293906810036,IGH:CARHDPVTIFGVVSGFFDYW;IGK:CQQYGKSPTF,IGH:TGTGCGAGACATGATCCCGTTACGATTTTTGGAGTGGTTAGTGGCTTCTTTGACTACTGG;IGK:TGTCAGCAATATGGGAAATCACCGACGTTC
clonotype195,1,0.0035842293906810036,IGH:CANTGIGYCSGGTCYTGWFDPW;IGK:CQQYYSTPQTF,IGH:TGTGCGAACACCGGGATAGGATATTGTAGTGGTGGTACCTGTTACACGGGCTGGTTCGACCCCTGG;IGK:TGTCAGCAATATTATAGTACTCCTCAGACGTTC
clonotype196,1,0.0035842293906810036,IGH:CAHTGGLVIFGVVITPLDAFDIW;IGL:CNSRDSSGNHLVF,IGH:TGTGCGCACACCGGGGGTTTAGTGATTTTTGGAGTGGTTATTACCCCCCTTGATGCTTTTGATATCTGG;IGL:TGTAACTCCCGGGACAGCAGTGGTAACCATCTGGTGTTC
clonotype197,1,0.0035842293906810036,IGH:CARIWDYGDPRGAYYYYYYYMDVW;IGK:CQQYGSSPPGFTF;IGL:CAAWDDSLSGPRVF,IGH:TGTGCGAGAATCTGGGACTACGGTGACCCACGTGGGGCTTACTACTACTACTACTACTACATGGACGTCTGG;IGK:TGTCAGCAGTATGGTAGCTCACCTCCAGGGTTCACTTTC;IGL:TGTGCAGCATGGGATGACAGCCTGAGTGGTCCGAGGGTGTTC
